BusinessUnavailableAgentEndDate,BusinessUnavailableAgentStartDate,BusinessUnavailableAgentId,BusinessActorId,BusinessUnavailableAgentDDateTime,BusinessUnavailableAgentLastUpdate
Sat Feb 28 02:36:20 CET 1970,Tue Mar 17 00:55:12 CET 1970,15,huequjXglnsxojkbuudpnayzmvkdcrthEiN,Sun Jan 04 04:57:52 CET 1970,Mon Feb 09 00:38:43 CET 1970
Sat Jan 31 07:06:11 CET 1970,Sat Mar 28 15:29:50 CET 1970,78,ozmoOSxyqvkpNBqlpfqgixplozcphvduomN,Wed Jan 28 15:57:37 CET 1970,Fri Apr 10 21:29:33 CET 1970
Sat Mar 28 17:10:39 CET 1970,Tue Jan 27 14:22:56 CET 1970,64,jcvunwqxomTxyfhjtqytoiPlgxnqnkpgwxw,Wed Mar 04 01:17:33 CET 1970,Sat Feb 28 17:35:44 CET 1970
Mon Mar 09 20:41:22 CET 1970,Sun Feb 15 16:02:19 CET 1970,45,AjmepwgqaaymfIgzodswhtmXqqinepkrgae,Tue Feb 17 10:19:11 CET 1970,Tue Mar 24 10:49:06 CET 1970
Fri Feb 27 16:42:31 CET 1970,Thu Jan 29 15:00:42 CET 1970,89,wuMbchmonhqscdYhpthqblmvsyfnqsxdtlm,Sun Apr 12 14:57:41 CET 1970,Mon Jan 26 11:23:23 CET 1970
Thu Jan 15 09:05:20 CET 1970,Sun Mar 01 17:48:15 CET 1970,15,zuebveapaszevylmrpysmudtqmmrsojxesa,Thu Mar 19 08:59:31 CET 1970,Fri Feb 27 14:11:49 CET 1970
Mon Mar 30 01:44:16 CET 1970,Tue Jan 27 23:50:35 CET 1970,64,xhuhdtbytpjnNuyIasqljtvqnwwtkihgegg,Tue Feb 24 08:00:03 CET 1970,Thu Jan 15 05:11:02 CET 1970
Mon Jan 19 04:14:42 CET 1970,Fri Jan 16 03:20:25 CET 1970,33,QxikurufcXrmfbcjgbyKsigBmpzehponxjk,Mon Feb 09 00:34:03 CET 1970,Sun Jan 11 21:06:24 CET 1970
Fri Apr 10 04:29:33 CET 1970,Fri Jan 02 14:13:42 CET 1970,85,ifXuervtndbogGqgopjSardedlzuynpyzlw,Sun Mar 15 21:13:49 CET 1970,Tue Feb 10 23:36:10 CET 1970
Thu Feb 05 22:02:13 CET 1970,Fri Jan 30 23:17:21 CET 1970,87,atwuaxyqaqbjsfuhakgpjFpipsqmpaXwdxv,Mon Jan 12 15:53:52 CET 1970,Sun Mar 08 18:49:34 CET 1970
Thu Feb 05 15:40:48 CET 1970,Tue Jan 20 21:13:03 CET 1970,44,nlrbtddsrFkadjzVwarwfhgbvipqxjLfdks,Sun Apr 26 07:38:25 CET 1970,Fri Jan 16 01:05:43 CET 1970
Mon Mar 23 21:28:31 CET 1970,Fri Mar 20 21:57:18 CET 1970,40,pyusqmkearkojbfzShpvqhajwfbzoiegzYw,Wed Feb 04 13:42:16 CET 1970,Sun Feb 15 11:33:08 CET 1970
Wed Apr 01 07:37:22 CET 1970,Sat Apr 04 05:46:33 CET 1970,16,ttQulvlgLvgruiSuaqehqGlunwyswZTwpjw,Tue Feb 10 15:59:18 CET 1970,Sat Jan 31 20:16:19 CET 1970
Wed Mar 18 10:14:43 CET 1970,Tue Mar 10 12:28:00 CET 1970,43,xdhmtSwNurezuuzeQbrewmoiuwxrvHbyzxl,Wed Feb 11 12:48:41 CET 1970,Mon Apr 13 15:20:41 CET 1970
Wed Jan 21 05:43:06 CET 1970,Sun Feb 01 08:23:02 CET 1970,70,gmazJkeiutzYpEdaGdwlipkkyxhprlczufT,Thu Feb 26 08:57:11 CET 1970,Fri Jan 30 18:57:46 CET 1970
Fri Mar 20 08:54:11 CET 1970,Sun Feb 22 15:33:33 CET 1970,92,ZyvmnimhpetmytuvqLamdSkGFoevcuqiphc,Sun Jan 25 05:06:33 CET 1970,Sat Jan 24 19:30:57 CET 1970
Mon Feb 23 23:04:26 CET 1970,Tue Apr 07 17:17:42 CET 1970,89,ropckmgRmbylxxnbrPwjvadApsddzsyiotz,Sun Feb 22 17:17:03 CET 1970,Tue Jan 13 22:45:07 CET 1970
Thu Feb 19 04:31:41 CET 1970,Wed Jan 14 13:50:11 CET 1970,31,qwtybastflwojXosqfieozjhiebynGpkovp,Wed Feb 18 11:28:17 CET 1970,Tue Feb 17 23:10:08 CET 1970
Sun Jan 04 08:50:53 CET 1970,Fri Mar 20 05:47:48 CET 1970,17,djezkdttCpoIKgfeblqgypdxqfrbpnhwazw,Sun Mar 08 05:20:54 CET 1970,Sun Jan 04 19:59:40 CET 1970
Mon Mar 23 12:42:47 CET 1970,Wed Mar 04 03:21:24 CET 1970,60,upfyioXkqlfzhgneizyctsnfwejKjnmfyjz,Thu Apr 16 02:22:07 CET 1970,Sun Apr 26 07:50:10 CET 1970
Fri Apr 03 23:05:08 CET 1970,Fri Mar 20 14:45:42 CET 1970,74,cuhitjaxztvbHgnqmfppnsfekuuwfdqskVu,Fri Feb 06 02:32:38 CET 1970,Sat Jan 17 13:44:58 CET 1970
Mon Feb 02 19:11:25 CET 1970,Tue Apr 21 22:00:23 CET 1970,10,hzjllypAsmehhQlupiipxcrlnbhRcglkwut,Tue Jan 27 13:45:35 CET 1970,Thu Mar 26 09:33:00 CET 1970
Wed Apr 01 19:36:45 CET 1970,Thu Apr 16 23:38:45 CET 1970,43,ecyuhTvjcyvdsmMgflIudwuviyzaicovtsO,Sun Mar 22 11:59:07 CET 1970,Wed Apr 01 16:42:00 CET 1970
Wed Apr 22 14:22:25 CET 1970,Sun Mar 08 16:39:30 CET 1970,56,aywvbsehiFbzowraHysrwgwqazjpdmdmphk,Thu Jan 15 00:25:40 CET 1970,Thu Feb 12 01:11:31 CET 1970
Thu Apr 02 04:30:29 CET 1970,Fri Mar 20 04:31:19 CET 1970,80,KhwwvUovdhcXyqdfxsbnpgzebyxqsPjjwea,Fri Mar 20 05:53:42 CET 1970,Sun Jan 18 05:56:44 CET 1970
Mon Mar 23 23:22:51 CET 1970,Fri Mar 13 14:03:55 CET 1970,71,pmkSflruubgtdmxzeqHoqxlkkxSrigbOrdu,Fri Jan 23 12:09:51 CET 1970,Mon Apr 13 03:56:43 CET 1970
Wed Jan 14 16:33:57 CET 1970,Thu Apr 23 19:49:47 CET 1970,36,kznzfqrnWkferidinaezzfTqcouiaokujcV,Tue Feb 03 09:21:35 CET 1970,Thu Mar 19 23:33:49 CET 1970
Mon Feb 09 15:38:13 CET 1970,Fri Mar 20 01:29:04 CET 1970,53,jsEwznEvggPiAfolzqeciqlmnPffagEudvt,Sun Feb 15 18:32:21 CET 1970,Tue Mar 31 19:55:39 CET 1970
Mon Mar 02 02:53:29 CET 1970,Tue Apr 21 16:56:37 CET 1970,93,qstSzejpleawKZicmwevitokojozyxyabaz,Tue Mar 24 20:46:31 CET 1970,Fri Feb 06 15:09:26 CET 1970
Thu Feb 05 08:30:10 CET 1970,Mon Mar 02 12:35:52 CET 1970,87,naggifunptmcpdxqgZtenytWulyfzsbvhwo,Wed Apr 22 15:40:52 CET 1970,Fri Jan 16 12:49:50 CET 1970
Fri Apr 10 18:30:29 CET 1970,Sun Mar 22 10:49:36 CET 1970,63,nUqlttvzrknKijzyNgqllzMewuraitGtiht,Tue Feb 03 10:45:24 CET 1970,Sun Apr 05 11:53:07 CET 1970
Sun Jan 11 15:17:54 CET 1970,Sun Mar 08 18:54:03 CET 1970,90,bssrJjxqBcgxnijwAhtugfsmrlmydtojxmq,Sun Apr 19 17:15:33 CET 1970,Fri Apr 17 20:36:35 CET 1970
Fri Apr 03 00:06:37 CET 1970,Thu Apr 09 13:18:26 CET 1970,11,osSaqjwatlkvjlgyanktymmuktvfcHlgvev,Sun Mar 01 06:33:21 CET 1970,Sun Feb 08 07:33:47 CET 1970
Thu Jan 08 04:08:38 CET 1970,Fri Feb 06 10:51:48 CET 1970,27,tzrsfxnskfMxutwcmbBcycTgljchuqrqore,Wed Feb 04 04:18:39 CET 1970,Wed Feb 18 14:45:44 CET 1970
Wed Mar 25 20:02:33 CET 1970,Mon Mar 16 20:50:01 CET 1970,52,wTyzllwhkptfgehlnqxqhrpssTJUevjohpl,Mon Mar 02 00:33:42 CET 1970,Fri Apr 24 12:39:11 CET 1970
Sat Feb 07 06:24:16 CET 1970,Tue Jan 13 16:41:13 CET 1970,85,yGipfzrvjxculdnirnUdfopyfcyqocoiecm,Sat Jan 10 11:49:17 CET 1970,Thu Jan 08 00:55:43 CET 1970
Mon Feb 09 19:01:43 CET 1970,Mon Mar 09 12:36:37 CET 1970,26,ozuvufotacmgxmafxemvryxatzbwenhtqlj,Wed Mar 25 02:40:54 CET 1970,Mon Mar 23 11:45:24 CET 1970
Sun Feb 08 12:31:50 CET 1970,Mon Apr 06 06:44:29 CET 1970,47,zuppctdzqmmHbhagdLurzhenphEdxssufdt,Tue Jan 20 09:34:11 CET 1970,Mon Mar 23 20:01:11 CET 1970
Fri Mar 27 10:04:03 CET 1970,Tue Mar 31 20:08:01 CET 1970,21,brSrvkoyrnlmrolstkbNzegwrahsuehfkJa,Thu Apr 23 02:16:45 CET 1970,Wed Apr 15 19:36:18 CET 1970
Tue Jan 27 09:08:29 CET 1970,Tue Jan 27 22:24:07 CET 1970,11,varmrDumdndohtbeupsdwglthlfopxoVysg,Tue Feb 03 08:47:06 CET 1970,Thu Mar 19 09:42:42 CET 1970
Fri Mar 13 14:39:23 CET 1970,Thu Mar 12 11:57:23 CET 1970,79,izjozeulmkdxnwtfqvrtSspivdaqtuRyfck,Sat Mar 07 20:26:20 CET 1970,Wed Mar 25 14:41:30 CET 1970
Tue Mar 10 06:16:56 CET 1970,Tue Mar 10 07:49:20 CET 1970,43,ygryGcevJhhrciagtsccxtAuqgTtlWcpbvh,Sun Feb 01 17:07:09 CET 1970,Sat Jan 03 20:57:31 CET 1970
Sun Mar 15 11:32:19 CET 1970,Wed Feb 11 16:24:03 CET 1970,97,xspehlmEgvcgicrbwCWpDjexrHbhiwiTKvC,Thu Jan 15 20:22:43 CET 1970,Fri Mar 06 23:40:56 CET 1970
Fri Mar 06 09:39:15 CET 1970,Sun Feb 01 20:32:45 CET 1970,42,oovhrsqpwWacixQHpfRopeoxsgtbelegdii,Tue Apr 14 08:07:15 CET 1970,Sat Jan 31 20:34:20 CET 1970
Thu Mar 19 05:08:20 CET 1970,Tue Jan 27 15:51:06 CET 1970,26,ktswoEdsthuzkqfrmcgwuhzotrmxfVEbDzl,Mon Jan 05 19:58:22 CET 1970,Mon Mar 30 09:09:57 CET 1970
Wed Apr 01 12:23:58 CET 1970,Sun Feb 08 02:28:12 CET 1970,50,HwtcaZvevgycenoqjnmcWzcprUefcehyddx,Sun Mar 29 02:49:18 CET 1970,Sat Mar 14 14:12:21 CET 1970
Tue Jan 27 21:32:58 CET 1970,Fri Feb 20 15:03:07 CET 1970,98,szclmohwnizvuvoikzsryfqkqxapkmyuzBn,Wed Feb 04 11:38:07 CET 1970,Wed Jan 14 15:18:03 CET 1970
Wed Jan 28 08:17:02 CET 1970,Mon Jan 05 04:16:17 CET 1970,31,lxaxxzwhgghbtzmuznxtntIqZeexreedkgX,Wed Apr 01 17:34:26 CET 1970,Wed Feb 11 14:47:42 CET 1970
Thu Feb 12 19:45:33 CET 1970,Mon Feb 09 16:07:02 CET 1970,64,iIyztUpsoissxdcdzmezjKlvyjewdnydort,Tue Feb 24 00:27:34 CET 1970,Wed Jan 28 01:17:24 CET 1970
Fri Jan 09 08:30:50 CET 1970,Wed Jan 28 03:38:35 CET 1970,31,uJkognvhyxzmifhdbpzsmPwtnvnqhzAdzii,Wed Jan 14 15:39:31 CET 1970,Tue Mar 31 11:53:41 CET 1970
Thu Apr 09 09:10:01 CET 1970,Fri Jan 30 11:43:34 CET 1970,52,gjhypwaVqHrgBmkhtaefhnrrqzfgyttqfge,Wed Feb 18 19:51:29 CET 1970,Thu Apr 23 19:49:07 CET 1970
Sat Mar 07 20:59:04 CET 1970,Sun Feb 15 08:54:11 CET 1970,41,dkawerKdbRwvysyajHxrxhpzhAtwaalximm,Fri Jan 16 04:19:14 CET 1970,Sun Mar 15 17:52:35 CET 1970
Fri Jan 23 11:46:20 CET 1970,Mon Jan 19 12:26:40 CET 1970,12,AcfqfutabvbrjaqMnemsgjuQifbybvswvzL,Thu Jan 22 02:27:44 CET 1970,Mon Feb 16 04:43:45 CET 1970
Sun Feb 01 22:30:27 CET 1970,Fri Jan 02 14:56:38 CET 1970,79,aurwwaznhiqqiuFqocgotweaefRipNudlof,Thu Mar 05 07:52:15 CET 1970,Sat Jan 10 09:04:06 CET 1970
Wed Apr 15 03:09:51 CET 1970,Fri Apr 03 02:16:22 CET 1970,28,qzklsvmoPkormsfyukmjkgrBmlgsHvtmaaq,Mon Mar 02 01:16:40 CET 1970,Sat Apr 11 08:16:24 CET 1970
Thu Jan 22 06:10:28 CET 1970,Thu Jan 15 09:46:12 CET 1970,52,AqgbtfzqmnhtmiitrqfkuyjlqoypfMpojaF,Sat Mar 07 06:08:12 CET 1970,Mon Feb 09 17:49:32 CET 1970
Mon Mar 09 09:34:26 CET 1970,Tue Jan 06 13:46:43 CET 1970,77,jaxghiglpKbXfsQeqtxmzoummFvkhzEfneb,Thu Jan 15 06:48:59 CET 1970,Tue Feb 03 19:51:51 CET 1970
Sun Mar 15 05:10:19 CET 1970,Mon Jan 26 21:45:27 CET 1970,90,WPhhppfipvpaLacnkqcbdpwxqsfwwyjyiGj,Sat Mar 21 09:52:21 CET 1970,Sun Mar 01 19:47:46 CET 1970
Thu Apr 16 03:25:25 CET 1970,Sat Apr 04 04:04:42 CET 1970,26,tcteibyafeuujbzfxzvmGekFrpnfnjqyfqz,Mon Jan 26 17:37:17 CET 1970,Wed Feb 18 18:09:26 CET 1970
Tue Apr 14 05:52:17 CET 1970,Wed Feb 25 18:29:05 CET 1970,38,reVMraknefjouxpGqzmpxqlguwsrPiknbxz,Sat Feb 28 07:14:52 CET 1970,Wed Apr 15 18:54:23 CET 1970
Tue Jan 27 17:38:37 CET 1970,Mon Mar 16 18:44:06 CET 1970,17,ouyxadqlGrewrmyhyanrmefAdykagsefair,Fri Mar 20 06:56:46 CET 1970,Wed Feb 04 04:27:12 CET 1970
Tue Jan 27 06:07:52 CET 1970,Tue Jan 06 23:15:08 CET 1970,43,hvRlriznxjiwdcfmyssqoppmjoyEvlomIsp,Sat Mar 07 08:44:06 CET 1970,Tue Mar 03 12:44:47 CET 1970
Wed Feb 25 06:59:32 CET 1970,Thu Feb 12 18:59:48 CET 1970,82,vwSczeMaiNrcxujcqnhypzuuTgnunohnpun,Sat Apr 25 02:43:30 CET 1970,Fri Mar 20 07:00:32 CET 1970
Mon Mar 30 21:59:43 CET 1970,Fri Apr 10 06:28:28 CET 1970,80,buhkzcBlfGvmtkFrxLpivxhYoocrwbjgeVj,Tue Jan 13 05:01:01 CET 1970,Sat Mar 07 15:30:25 CET 1970
Mon Feb 09 00:36:55 CET 1970,Sun Jan 25 08:50:11 CET 1970,32,DdxiotgafohmtqzZUhkbviannzHvznnzerX,Fri Apr 10 11:47:58 CET 1970,Wed Feb 25 08:02:20 CET 1970
Sun Jan 25 13:38:36 CET 1970,Sat Feb 28 00:15:02 CET 1970,81,ysdzdPppAjThadubzogMwCBkzycnhRaxibw,Fri Apr 17 16:36:53 CET 1970,Fri Apr 24 09:38:30 CET 1970
Sun Feb 01 08:48:32 CET 1970,Sun Mar 15 23:16:01 CET 1970,35,hKjtxzWqnjCvpmFtfezuyHmvzcszjqYmorq,Thu Feb 05 17:55:45 CET 1970,Wed Jan 07 20:41:05 CET 1970
Wed Apr 15 10:52:29 CET 1970,Wed Jan 07 23:57:07 CET 1970,69,aasmEsalssOlwkJcxgAotnqliwqtnjzugxJ,Tue Feb 17 18:28:42 CET 1970,Fri Mar 20 11:47:40 CET 1970
Sat Mar 14 21:17:33 CET 1970,Tue Feb 17 20:03:41 CET 1970,70,rUrperOsxBuycljljoudjeaFHvxhaEmkrym,Sun Mar 08 14:02:11 CET 1970,Tue Apr 07 10:22:32 CET 1970
Tue Apr 07 22:02:39 CET 1970,Sat Apr 25 02:46:20 CET 1970,23,yqbaeVphsadqlhgpOnqAfmpjuwrIyfzypnR,Sun Apr 12 05:56:07 CET 1970,Mon Apr 06 01:39:41 CET 1970
Wed Mar 11 10:23:30 CET 1970,Wed Feb 11 02:40:30 CET 1970,18,vbgrLavrwioZyeioOplrziaMuMHffntatFr,Mon Feb 02 13:57:52 CET 1970,Tue Jan 20 04:21:26 CET 1970
Sat Mar 21 21:13:12 CET 1970,Fri Jan 16 09:40:43 CET 1970,13,whkrjhaTgmpuzokyxfewysxisysivuyrhau,Sat Feb 14 02:56:57 CET 1970,Wed Jan 14 19:41:43 CET 1970
Sun Mar 08 14:10:34 CET 1970,Fri Mar 06 14:51:32 CET 1970,62,ldksiuqtnnarakcjwthqzdTeltvmjlwonab,Tue Apr 21 18:52:32 CET 1970,Sat Jan 03 11:06:16 CET 1970
Tue Feb 10 01:38:39 CET 1970,Tue Jan 13 13:03:23 CET 1970,42,mmZbchmdbgvkfvvbdccarrJkyschjpexbkQ,Thu Apr 16 11:26:33 CET 1970,Tue Feb 10 19:35:20 CET 1970
Fri Apr 10 07:12:46 CET 1970,Sun Feb 01 01:23:44 CET 1970,49,fjcjvienOnrwzzhlpVkgaYfQufhpAcgtWid,Mon Feb 09 21:34:17 CET 1970,Sun Mar 22 02:16:04 CET 1970
Wed Mar 11 09:31:08 CET 1970,Tue Apr 07 17:00:06 CET 1970,57,aBgpdExexzcicomePymtcvusxeuplupdept,Sun Jan 04 22:54:25 CET 1970,Sat Jan 03 04:04:05 CET 1970
Tue Jan 06 06:52:57 CET 1970,Wed Jan 07 22:50:32 CET 1970,33,mumdqBfeDknwtpNmDJIpAsFqbygjqpFvank,Fri Apr 17 09:07:38 CET 1970,Fri Jan 09 09:28:48 CET 1970
Sat Feb 28 13:55:14 CET 1970,Sun Mar 01 06:01:56 CET 1970,53,uovivjjGzmyppuYvqIHgyahbhgokvmgmtyk,Thu Feb 12 22:57:14 CET 1970,Thu Mar 12 09:32:58 CET 1970
Thu Feb 19 14:00:57 CET 1970,Mon Jan 12 10:58:27 CET 1970,20,cujqegqeeygqfbcovsdqxkqwriRpccUafKl,Tue Mar 24 21:10:55 CET 1970,Fri Feb 27 10:20:08 CET 1970
Sun Mar 15 03:59:43 CET 1970,Sun Apr 19 19:09:21 CET 1970,70,uxUmQnBMsopojscrxnLhtyqUsotnfnshiur,Wed Jan 07 15:25:53 CET 1970,Tue Apr 14 06:59:50 CET 1970
Sun Jan 04 14:03:34 CET 1970,Tue Jan 20 04:56:43 CET 1970,90,wwyqTmasuivfapwhobDeztwpidffdlwchxm,Sat Jan 10 04:15:52 CET 1970,Thu Apr 16 16:02:02 CET 1970
Fri Mar 13 03:22:27 CET 1970,Thu Mar 12 02:35:02 CET 1970,57,dogivwfaviuuwuaeenrfczlzvtzekyizcIh,Sun Apr 19 06:34:15 CET 1970,Thu Jan 29 12:28:04 CET 1970
Thu Apr 16 08:52:34 CET 1970,Thu Apr 02 04:38:37 CET 1970,91,nhkdxztenznczrbduqgHtmjthszdxzpjbYv,Sat Feb 28 20:19:30 CET 1970,Tue Jan 06 11:13:25 CET 1970
Fri Jan 16 15:21:29 CET 1970,Mon Jan 19 14:10:15 CET 1970,74,eQqpmAxaextupJcsysisdEvwlpixuanPhzg,Tue Mar 03 01:48:18 CET 1970,Fri Jan 16 07:07:37 CET 1970
Wed Apr 15 16:22:35 CET 1970,Sat Jan 31 14:53:39 CET 1970,87,umGuxuedohfozbuEucduegZeixfMqqbdxkk,Thu Apr 02 09:33:35 CET 1970,Tue Jan 27 15:04:26 CET 1970
Sun Apr 12 11:31:13 CET 1970,Thu Feb 12 03:46:10 CET 1970,39,dZriotkfwjzwbxcrdbfninyotUmsltmqudi,Mon Feb 16 20:09:25 CET 1970,Sun Jan 11 16:36:15 CET 1970
Thu Jan 22 01:19:03 CET 1970,Sun Apr 19 09:22:41 CET 1970,48,awlrnaqbeimwvwberldirtnayxlcmgsblto,Wed Jan 07 23:56:07 CET 1970,Thu Jan 22 08:20:15 CET 1970
Fri Jan 16 15:25:45 CET 1970,Mon Apr 06 16:20:14 CET 1970,97,mwsimevxahbyrhqqanozwreesyoyjklbpUe,Wed Mar 11 13:11:09 CET 1970,Thu Jan 15 16:44:04 CET 1970
Thu Feb 26 10:54:45 CET 1970,Fri Apr 24 05:53:51 CET 1970,74,qkwivmrtqzjbzSviqcuxdocwexmshmucoxh,Fri Apr 10 13:36:32 CET 1970,Thu Feb 05 20:19:00 CET 1970
Sat Jan 24 11:44:20 CET 1970,Tue Feb 03 18:17:47 CET 1970,77,cfbqhbjqEqyvdsiwfcGcWyCutctqcvyjhXc,Mon Mar 23 10:39:40 CET 1970,Thu Apr 02 18:25:10 CET 1970
Fri Mar 27 13:59:37 CET 1970,Mon Apr 20 18:31:29 CET 1970,67,tryqckKTeyuoiwwllcdxnaywslnDtohrncd,Sat Apr 25 06:28:30 CET 1970,Mon Feb 16 05:32:35 CET 1970
Sat Apr 18 15:01:27 CET 1970,Tue Feb 17 09:18:03 CET 1970,75,cqspvjzugDhtbobiTbIuumrdiydmnxcmlsp,Sun Mar 08 10:18:49 CET 1970,Thu Feb 26 01:16:27 CET 1970
Wed Feb 04 06:53:37 CET 1970,Mon Feb 02 01:21:00 CET 1970,87,zvBkdxrtjpUcasiiiLObamrgpcgVodogRrc,Sat Apr 11 20:56:32 CET 1970,Mon Jan 26 15:35:43 CET 1970
Fri Jan 02 16:36:21 CET 1970,Sat Feb 14 22:14:45 CET 1970,58,hsltsqqRrcksvcndftebpbYpWqpywpqxvwo,Mon Apr 13 20:29:41 CET 1970,Sun Feb 15 07:30:13 CET 1970
Sun Mar 08 21:02:02 CET 1970,Wed Apr 01 06:25:58 CET 1970,36,swbptnMCzrgouzvvRdubccsqnqlhgxtflil,Sun Jan 25 06:25:45 CET 1970,Wed Mar 25 12:07:54 CET 1970
Sat Jan 31 06:21:50 CET 1970,Thu Jan 29 01:49:24 CET 1970,19,mgdSNnOmciheujzomWfdiFsbfkzqrgkhrjl,Sat Jan 10 10:31:07 CET 1970,Mon Feb 23 02:44:24 CET 1970
Thu Feb 26 08:03:41 CET 1970,Mon Mar 02 14:34:58 CET 1970,64,wzyDMbtgkyHgrvchwkizeamVbqvSmqbhujf,Tue Mar 03 12:50:10 CET 1970,Mon Mar 23 23:33:07 CET 1970
Sun Mar 22 06:25:29 CET 1970,Thu Apr 23 18:23:50 CET 1970,79,gdyzeljiykpwevlodvqecVrmurrdidjqqxv,Tue Apr 07 02:04:21 CET 1970,Thu Mar 19 21:12:28 CET 1970
Sat Apr 18 13:06:51 CET 1970,Thu Mar 26 17:48:17 CET 1970,72,rkNbyurxndsulfakWazvjhcjzfVlFqxEgfp,Fri Feb 06 00:55:38 CET 1970,Sun Mar 01 22:20:50 CET 1970
Wed Jan 14 08:04:13 CET 1970,Mon Mar 02 03:10:16 CET 1970,51,mpindhtPhcdzegnqGecqokLwvvnohAxidph,Sun Feb 01 01:24:58 CET 1970,Tue Apr 07 09:29:19 CET 1970
Tue Apr 14 23:49:34 CET 1970,Thu Mar 19 02:25:16 CET 1970,36,BtjJmWmfbcmdrehwpyWaxyyauhofkarTful,Fri Apr 10 17:56:04 CET 1970,Thu Apr 09 05:26:42 CET 1970
Fri Mar 27 15:15:08 CET 1970,Fri Mar 06 21:54:30 CET 1970,94,lxyLJmqlfctuDcxoqCedsunurnqWztmdtqi,Sat Feb 07 15:27:08 CET 1970,Sat Jan 17 06:23:51 CET 1970
Mon Feb 02 02:38:02 CET 1970,Fri Feb 06 08:19:19 CET 1970,10,mpkRohbzxuenlcingcgRkgfgndzryklqcpf,Sun Feb 01 11:52:52 CET 1970,Fri Feb 06 20:36:45 CET 1970
Thu Apr 16 01:56:13 CET 1970,Wed Apr 22 01:54:23 CET 1970,54,zallealneysymludrrqayjodgqnubbokico,Sat Jan 03 06:49:19 CET 1970,Tue Apr 07 07:50:19 CET 1970
Thu Mar 19 11:56:02 CET 1970,Sun Apr 12 22:57:08 CET 1970,84,omirjziwqahdvxnqrowffhyundIOoQcbhmc,Tue Mar 31 02:09:01 CET 1970,Mon Apr 06 16:37:44 CET 1970
Tue Jan 13 00:25:59 CET 1970,Wed Mar 11 00:03:22 CET 1970,27,cwyewFavlrakilrytdjjapxmFHglltcNcfh,Sat Mar 14 06:52:23 CET 1970,Sun Apr 19 03:02:30 CET 1970
Wed Jan 21 00:45:09 CET 1970,Sat Jan 17 18:11:21 CET 1970,96,gtcngvghfixcsbcqifwjiexkponaovhXasn,Thu Feb 19 11:57:42 CET 1970,Thu Apr 23 10:08:11 CET 1970
Thu Mar 05 01:11:43 CET 1970,Fri Apr 24 18:43:04 CET 1970,49,QybkkngLslswbpxbmrhgqbwtAwzrZxmbfab,Thu Jan 29 04:19:14 CET 1970,Fri Jan 23 00:14:19 CET 1970
Sun Apr 19 12:31:51 CET 1970,Mon Feb 09 03:46:38 CET 1970,98,wnxvdgxziemcwbotxtctthKwrsqvxcpzkej,Mon Feb 09 11:05:28 CET 1970,Sun Jan 18 22:15:54 CET 1970
Fri Mar 06 04:59:06 CET 1970,Fri Mar 20 19:06:02 CET 1970,72,eaqcxiwimqnvjbabzffNbocrfQoaqwnowje,Sat Feb 07 05:06:02 CET 1970,Wed Jan 07 15:16:38 CET 1970
Wed Apr 01 15:11:35 CET 1970,Thu Jan 15 06:23:06 CET 1970,26,aPvheqpqhpHcdRxzmhnvjobaiiortxdbqdj,Thu Mar 05 21:38:33 CET 1970,Fri Jan 09 19:13:03 CET 1970
Wed Feb 04 07:04:43 CET 1970,Wed Feb 04 07:46:57 CET 1970,16,tHhjoyacjuHvyigFhijpxcznLwegqqndyoZ,Sat Apr 11 00:37:10 CET 1970,Wed Feb 04 01:29:42 CET 1970
Sat Mar 07 00:02:25 CET 1970,Thu Mar 19 10:04:52 CET 1970,96,tgltoZwMbxhaphwyffhtbkwehteedcPblpn,Tue Apr 21 03:05:33 CET 1970,Wed Apr 08 13:08:24 CET 1970
Sat Apr 18 18:10:36 CET 1970,Fri Feb 27 04:51:33 CET 1970,61,kYfkvxsqvwouruljoVuxchzkmrvshvukjgp,Sun Feb 22 20:31:11 CET 1970,Sun Feb 15 19:46:11 CET 1970
Sat Mar 14 09:43:51 CET 1970,Tue Jan 13 14:18:15 CET 1970,83,ujqmsfkywgfbvvdkpthkasdaqpzzmfwyhcp,Sun Mar 01 18:39:41 CET 1970,Tue Feb 10 17:14:10 CET 1970
Sat Apr 04 22:25:14 CET 1970,Wed Apr 15 00:49:44 CET 1970,81,fjqwpwlhzbhvqkjIazFebjahbuErodptzaz,Fri Apr 03 09:23:48 CET 1970,Wed Feb 11 13:48:04 CET 1970
Thu Jan 29 10:43:55 CET 1970,Tue Jan 13 22:50:43 CET 1970,64,brzpckupvlggOupgmezyivvhwwbcdkfshvq,Sat Feb 07 09:35:46 CET 1970,Sun Mar 15 01:54:39 CET 1970
Sun Jan 18 17:03:32 CET 1970,Wed Jan 07 21:25:07 CET 1970,75,hAmvkShrqysqnrqgngzcjRfbigozptirvLu,Tue Mar 24 10:11:19 CET 1970,Fri Jan 23 11:14:24 CET 1970
Sun Jan 11 04:34:21 CET 1970,Mon Apr 13 01:53:42 CET 1970,17,smigmxsazewazwvqDSsbeqtwnkwdjekbllm,Mon Feb 02 13:13:03 CET 1970,Mon Mar 02 00:30:14 CET 1970
Mon Jan 19 20:46:48 CET 1970,Mon Jan 26 16:12:24 CET 1970,17,oszxNhsnpdTwszyocofrfipvqzAncoyljlh,Sat Jan 31 08:43:12 CET 1970,Wed Mar 25 13:27:08 CET 1970
Tue Jan 06 11:41:28 CET 1970,Sat Jan 31 11:40:39 CET 1970,15,elgyxGfHtRqhkulchFEfxqvyyxzfgpwhTin,Thu Jan 29 08:57:19 CET 1970,Mon Feb 16 22:06:05 CET 1970
Mon Apr 06 06:49:14 CET 1970,Sun Feb 08 21:27:34 CET 1970,67,tmTaokvbwgyoljdmvuZlihonrsoyZyqggga,Thu Mar 26 13:29:43 CET 1970,Fri Feb 27 14:40:40 CET 1970
Sat Apr 25 05:17:11 CET 1970,Tue Jan 06 23:56:37 CET 1970,60,rtlHipmHggxxilpkmszgplnfeadvlgoeiva,Thu Feb 19 09:47:23 CET 1970,Mon Jan 12 02:57:05 CET 1970
Mon Mar 09 11:36:08 CET 1970,Sun Mar 15 08:38:49 CET 1970,17,elodezpxtiepdriXhubZztHvblcnrujeefd,Tue Apr 14 15:25:07 CET 1970,Fri Mar 27 05:43:48 CET 1970
Tue Feb 03 21:38:48 CET 1970,Sat Apr 18 11:34:19 CET 1970,62,defbpsgyOgOaupfpzgvajfakeGoekhhxllf,Tue Mar 03 15:49:07 CET 1970,Tue Feb 03 09:34:21 CET 1970
Thu Jan 15 04:13:07 CET 1970,Thu Apr 09 04:55:24 CET 1970,90,eZwuwzcycpkZinlkONhltwwuznfvldyxgtb,Sat Apr 18 02:38:44 CET 1970,Tue Feb 10 06:16:13 CET 1970
Tue Apr 07 15:28:56 CET 1970,Wed Feb 11 18:44:10 CET 1970,13,toLqpsmitpnyoxybywxxKurfcfqutdnnxaB,Sun Jan 11 03:13:26 CET 1970,Sun Apr 19 13:42:06 CET 1970
Fri Mar 06 07:34:12 CET 1970,Wed Feb 04 21:37:24 CET 1970,78,kPeqrfhhvahmeactZlpbwyiisGzefayocsv,Fri Mar 27 11:41:26 CET 1970,Sat Jan 10 10:11:17 CET 1970
Sat Feb 28 04:20:24 CET 1970,Sun Mar 22 08:36:17 CET 1970,13,awdmfnogjwzlstxbreWofohwokzffhyUmca,Thu Feb 05 13:55:07 CET 1970,Thu Apr 09 01:10:27 CET 1970
Thu Apr 09 23:37:04 CET 1970,Mon Mar 30 11:47:24 CET 1970,13,ovyOcHuHbskzCwdpxfcbpbXjvSlcaxvGvlf,Tue Mar 03 15:25:22 CET 1970,Wed Mar 25 11:06:31 CET 1970
Wed Apr 15 06:27:01 CET 1970,Fri Apr 10 06:12:02 CET 1970,39,dtsrfqsbcwgokkhgyfmqoccqMutWfkkkqnt,Thu Apr 16 18:28:00 CET 1970,Fri Mar 13 00:00:52 CET 1970
Tue Feb 10 18:37:15 CET 1970,Wed Jan 28 12:03:58 CET 1970,66,qwGlcikxdzuzIyudvYViedcdtrkocrnlyGo,Sun Mar 08 20:47:22 CET 1970,Thu Apr 23 07:44:33 CET 1970
Thu Mar 05 18:18:33 CET 1970,Sun Jan 04 23:08:42 CET 1970,83,nxzxgscgmrNajpbpmtohmaowpwdepdyqjse,Fri Apr 03 08:43:24 CET 1970,Mon Feb 09 22:21:00 CET 1970
Fri Feb 27 04:39:01 CET 1970,Thu Jan 29 06:06:52 CET 1970,42,terhuDxpyoifrlmyzzaqVgbwTKdpwnojlSz,Tue Feb 03 09:57:49 CET 1970,Sat Apr 11 13:32:22 CET 1970
Tue Feb 17 00:51:56 CET 1970,Sat Jan 03 05:59:27 CET 1970,91,hHlidhwhskcmfqmbosqogurdrhmiafahwoo,Sat Feb 21 04:15:56 CET 1970,Tue Mar 24 20:22:39 CET 1970
Mon Jan 19 14:20:34 CET 1970,Thu Jan 29 09:08:52 CET 1970,99,qdrclpivtObyoqkktksdrxbicsrpnighhzx,Tue Jan 13 09:24:51 CET 1970,Fri Jan 02 12:23:56 CET 1970
Fri Apr 17 17:40:55 CET 1970,Tue Jan 06 05:39:08 CET 1970,88,ozDcozbcxsgLqjpnebdqdrvgulyrifgKWrO,Sat Mar 07 17:03:36 CET 1970,Mon Jan 26 13:19:52 CET 1970
Fri Jan 30 02:05:04 CET 1970,Mon Mar 16 02:06:50 CET 1970,76,eaMadlxbhExqKftqdckeIttpxSEkNkcsyxX,Mon Apr 06 06:07:16 CET 1970,Tue Mar 31 02:04:39 CET 1970
Sat Mar 21 11:52:23 CET 1970,Sat Mar 14 17:10:42 CET 1970,79,atIbzdsmfvokqpgkvgrvljHuKtmcgkOhfjs,Sat Jan 17 15:48:58 CET 1970,Sun Feb 01 11:56:02 CET 1970
Wed Apr 22 18:31:50 CET 1970,Tue Jan 27 10:20:06 CET 1970,46,ykxnvlfawnposnmoucRyexqjxSedvmxndlk,Thu Feb 05 12:29:00 CET 1970,Thu Apr 02 11:38:25 CET 1970
Tue Jan 13 19:38:27 CET 1970,Sat Apr 04 14:05:48 CET 1970,32,dyjntysgNxCzhrgvybPjKifdbmhSlYbiDxQ,Wed Mar 18 07:58:49 CET 1970,Fri Apr 10 04:59:13 CET 1970
Wed Feb 04 06:12:17 CET 1970,Mon Mar 23 09:21:24 CET 1970,92,iqjqctdyhzfgxkyuststpNiixybchvosrSt,Sat Feb 07 08:46:04 CET 1970,Sat Apr 25 10:55:40 CET 1970
Tue Jan 13 02:40:14 CET 1970,Mon Feb 09 20:49:56 CET 1970,87,pjhmpqiupbztoRzjgRbbwabGZeaPgwksGof,Wed Feb 11 10:50:05 CET 1970,Sat Mar 07 09:41:49 CET 1970
Sun Feb 08 09:50:31 CET 1970,Sat Apr 11 19:48:50 CET 1970,63,ijemppigdlfqfsatotrbdzqfcuryjzmwzow,Fri Feb 13 16:29:56 CET 1970,Fri Feb 27 20:45:54 CET 1970
Sun Feb 01 03:28:36 CET 1970,Fri Feb 13 05:42:08 CET 1970,19,roGgamcrqnqogNqmukpkdmhehIKjegyhkgq,Wed Feb 04 16:13:19 CET 1970,Sat Jan 10 17:03:03 CET 1970
Sun Jan 04 04:21:41 CET 1970,Thu Feb 05 15:39:29 CET 1970,93,mcWxnpHwhndasscyyvfRfRYjzywfqdtrqzf,Mon Apr 06 00:50:54 CET 1970,Sat Mar 21 17:05:02 CET 1970
Mon Mar 16 08:54:44 CET 1970,Fri Jan 02 09:41:41 CET 1970,90,BuLkzLkSwbcnyhsrrtQnnzucnstocizadco,Mon Mar 02 04:41:16 CET 1970,Thu Feb 12 11:55:15 CET 1970
Tue Jan 20 19:38:59 CET 1970,Sat Apr 11 09:51:07 CET 1970,49,noujyhtntIuzDmnzliWprPikfvgjfsimawn,Sat Feb 07 16:04:23 CET 1970,Sat Mar 07 18:23:50 CET 1970
Fri Feb 20 02:35:35 CET 1970,Tue Feb 24 21:34:07 CET 1970,10,hiSjihdniwvdVragyfojlmisnavhNjNikeI,Sat Mar 14 08:17:19 CET 1970,Sat Jan 31 13:47:25 CET 1970
Mon Mar 09 00:45:38 CET 1970,Thu Mar 19 00:09:34 CET 1970,55,taipfwjqcitnzTfklmeurctfcsowaxgzjow,Sat Mar 21 19:39:54 CET 1970,Wed Apr 15 08:08:26 CET 1970
Thu Feb 26 06:35:33 CET 1970,Tue Jan 06 17:25:04 CET 1970,59,cZtbQsrkegacgRqyfZqlyDrfoyozmmmfaSd,Sun Feb 08 06:47:29 CET 1970,Sat Jan 24 08:12:46 CET 1970
Fri Jan 02 23:26:30 CET 1970,Tue Feb 17 13:48:13 CET 1970,92,wzeivbncccazwflaUshuqkpXqelrhjxmhqC,Thu Apr 23 02:21:39 CET 1970,Fri Feb 06 14:00:26 CET 1970
Tue Apr 21 13:45:16 CET 1970,Mon Feb 16 05:36:06 CET 1970,36,tbZnzlinbtziexdbyfzNYnsumrbbfepafhk,Wed Apr 15 04:29:40 CET 1970,Fri Apr 03 03:54:14 CET 1970
Thu Feb 12 07:52:54 CET 1970,Mon Apr 20 19:43:11 CET 1970,27,BssxvgrkeDtsbxfdbdypavgkdYongzfajrn,Tue Feb 10 16:37:17 CET 1970,Mon Mar 16 10:14:54 CET 1970
Wed Feb 04 09:14:39 CET 1970,Mon Apr 13 08:09:34 CET 1970,51,ezkuithcoldwmgxhyecmhqnqdzkhfjhvvfC,Sun Feb 22 15:46:23 CET 1970,Wed Apr 01 22:51:14 CET 1970
Mon Mar 30 14:11:35 CET 1970,Tue Apr 21 21:49:04 CET 1970,85,dqjqNifnjdxubDtfucdnlxrbkllkegYDhyp,Tue Mar 24 14:01:58 CET 1970,Sat Feb 07 03:03:08 CET 1970
Thu Feb 19 00:43:19 CET 1970,Sun Feb 22 22:04:51 CET 1970,31,xoxwibecxfdzajdzijlndalrSFlogaWyrmr,Tue Feb 17 16:20:14 CET 1970,Sun Apr 19 02:39:26 CET 1970
Fri Jan 23 20:52:28 CET 1970,Thu Mar 05 10:20:08 CET 1970,23,emzRyzjngmpnlqnyuuuxXkckrvhziheajve,Mon Feb 23 21:08:54 CET 1970,Tue Feb 17 17:19:51 CET 1970
Mon Feb 23 06:48:20 CET 1970,Sat Apr 04 04:57:52 CET 1970,72,fdPtcnmsynwvsggvekpIoztbuqsgmasCunv,Thu Mar 05 09:12:48 CET 1970,Thu Feb 12 17:05:36 CET 1970
Sat Apr 18 03:19:26 CET 1970,Sun Mar 08 01:25:21 CET 1970,29,fTtBzrrnbbejgrlrlmuRrtdqxlcwwzdteXx,Mon Feb 02 23:33:54 CET 1970,Fri Apr 10 08:29:44 CET 1970
Mon Feb 02 20:21:16 CET 1970,Mon Jan 12 14:37:08 CET 1970,68,yjgMLvXviuakDHsijzppwwxczquwqonvkap,Fri Feb 13 10:51:40 CET 1970,Mon Apr 13 22:23:52 CET 1970
Wed Jan 07 03:49:11 CET 1970,Mon Mar 23 07:08:38 CET 1970,46,hellolclmiewcLranozXrxkmbvbdvfinyis,Thu Feb 05 11:12:32 CET 1970,Sun Mar 01 07:39:49 CET 1970
Wed Apr 01 08:37:25 CET 1970,Tue Feb 24 23:36:01 CET 1970,24,SGhheMwpkixylwlinaanwrmalgByHthmeaB,Tue Mar 31 02:00:19 CET 1970,Wed Mar 25 03:22:55 CET 1970
Sun Mar 15 10:43:59 CET 1970,Fri Mar 20 22:21:46 CET 1970,86,iztwhcbmsjqvqIgiupkpdxtjykzliolqvoo,Sun Feb 08 21:23:37 CET 1970,Mon Jan 12 00:11:30 CET 1970
Mon Feb 02 20:06:16 CET 1970,Sun Apr 19 10:07:28 CET 1970,51,aelrIdjocipzaokdmtefscgeeemairwokzx,Mon Jan 05 13:42:16 CET 1970,Thu Feb 26 12:40:51 CET 1970
Thu Jan 29 18:36:09 CET 1970,Thu Feb 19 23:15:08 CET 1970,46,gBbiSlpqolqvpdmacigezawukHtodlwfFkB,Mon Mar 16 08:55:43 CET 1970,Tue Feb 03 02:11:28 CET 1970
Sat Jan 31 12:22:44 CET 1970,Sun Jan 11 16:44:46 CET 1970,51,qaakpbgsotypnwfchhdaTxnyVdfohncotVx,Sun Feb 08 13:32:35 CET 1970,Thu Jan 08 08:54:44 CET 1970
Sun Mar 29 06:40:43 CET 1970,Sat Feb 07 22:30:30 CET 1970,70,esxhQmfjvvjuaahiZosnbtuarhvaKqBacvv,Sun Apr 19 15:37:03 CET 1970,Sun Feb 22 17:32:45 CET 1970
Wed Jan 07 04:56:15 CET 1970,Tue Mar 10 05:47:21 CET 1970,27,keFwwMxnaiglzxtjmlutmrqwAttnffnwnbp,Thu Apr 16 05:07:52 CET 1970,Wed Jan 07 00:22:48 CET 1970
Sat Apr 11 13:10:31 CET 1970,Sun Mar 29 01:31:14 CET 1970,96,JodjgucXbGtfuefIHeRddbobfdzBhFceuai,Sat Feb 07 05:48:21 CET 1970,Mon Apr 13 14:41:24 CET 1970
Sat Jan 31 13:40:18 CET 1970,Mon Apr 06 21:17:55 CET 1970,35,yvjvunvpvsupqmsrgyekwatbfajitgskduf,Wed Apr 01 05:14:13 CET 1970,Sun Jan 25 02:53:26 CET 1970
Wed Apr 22 18:02:34 CET 1970,Thu Apr 09 02:56:11 CET 1970,64,ftuwPrbwwqfwloOmmqdnCRwwskmyJvnajtz,Sun Apr 19 15:02:07 CET 1970,Sat Apr 11 20:04:20 CET 1970
Wed Jan 21 11:33:56 CET 1970,Fri Mar 27 22:04:16 CET 1970,68,dswhlfStqrtvfayFfgerIeYuahdqyphibpe,Fri Jan 23 00:13:22 CET 1970,Fri Feb 06 21:59:26 CET 1970
Mon Jan 12 17:09:40 CET 1970,Fri Apr 24 22:30:34 CET 1970,55,gsQrawesrvnmibzbbylfkrxjnjoerpmxvbp,Mon Feb 23 11:54:13 CET 1970,Fri Jan 09 08:52:34 CET 1970
Tue Mar 24 21:47:25 CET 1970,Sat Apr 25 20:34:18 CET 1970,35,stlvdLmfqbfevpalyolmehbafrmkwthnpMr,Thu Mar 26 11:30:53 CET 1970,Thu Apr 09 08:32:15 CET 1970
Wed Feb 18 17:08:51 CET 1970,Wed Feb 18 02:36:46 CET 1970,57,mimFnOcgxtyordjdivlrvleyzYDyfexrlwm,Sun Feb 15 19:07:30 CET 1970,Sun Mar 22 08:39:14 CET 1970
Sat Mar 07 05:43:17 CET 1970,Fri Mar 06 22:02:15 CET 1970,96,JrbwxdzzeugplDSmopcEmekgkighuCpdhys,Wed Mar 11 14:13:22 CET 1970,Sat Mar 21 11:26:52 CET 1970
Wed Jan 28 13:40:43 CET 1970,Sun Mar 22 12:33:15 CET 1970,77,UohhbtjdWodaqxhujuhwcgejAxLoxbepoit,Sat Apr 25 19:41:13 CET 1970,Fri Apr 03 01:52:33 CET 1970
Sun Mar 01 14:01:30 CET 1970,Sun Jan 04 09:26:03 CET 1970,80,kjUgjifhRhxuxahEFJLcddebayufyxzScmo,Wed Mar 25 23:08:19 CET 1970,Thu Feb 12 23:03:09 CET 1970
Fri Feb 27 21:50:37 CET 1970,Thu Feb 05 06:00:39 CET 1970,53,qocthwhfrvsRBHrppwkjbeiavuuNZfeseWl,Thu Apr 09 06:13:40 CET 1970,Sun Feb 08 02:46:18 CET 1970
Sun Feb 08 08:36:05 CET 1970,Wed Mar 25 07:42:42 CET 1970,59,muZAkrqjbhmbczpwlypmmptEwcrycthlrDz,Sat Jan 10 13:19:56 CET 1970,Sat Feb 28 18:04:13 CET 1970
Fri Jan 16 06:46:16 CET 1970,Thu Feb 05 03:41:53 CET 1970,37,ydnvjizHlajxtrwZmyqisvukXalvzpwiDkz,Sat Apr 18 10:08:50 CET 1970,Thu Jan 15 17:50:15 CET 1970
Mon Apr 06 04:04:18 CET 1970,Tue Jan 27 23:56:19 CET 1970,69,ergngtsnjMbwEtvdflEtvqeaqtmatohcydy,Sun Jan 11 19:18:32 CET 1970,Thu Feb 19 00:04:19 CET 1970
Thu Apr 23 03:23:47 CET 1970,Tue Feb 17 13:47:44 CET 1970,43,cjeejqritsenovydqgmSmsckoHvbofwqewu,Thu Mar 26 18:45:43 CET 1970,Mon Feb 02 09:26:37 CET 1970
Mon Feb 16 05:08:21 CET 1970,Wed Feb 18 02:49:08 CET 1970,57,ginlcwxaXjizcttzoliqTcvievqZxydbnrb,Thu Jan 08 03:45:30 CET 1970,Fri Mar 13 09:40:31 CET 1970
Thu Apr 09 10:18:03 CET 1970,Sat Feb 28 21:25:37 CET 1970,73,klEwsibmsoxmohybwnyapjshxspkyrveucv,Thu Mar 19 01:19:34 CET 1970,Sat Jan 10 23:01:08 CET 1970
Thu Feb 26 17:36:04 CET 1970,Tue Mar 10 18:52:17 CET 1970,56,vlzveiupbcvwcjfitsIYcXpmartzkxjqged,Sat Jan 03 09:22:22 CET 1970,Sat Mar 28 17:37:30 CET 1970
Thu Feb 05 02:13:44 CET 1970,Sun Apr 19 08:12:09 CET 1970,82,gaZusqhepIpksiecmxsvswposjwaapvjBjg,Thu Mar 19 07:16:41 CET 1970,Tue Mar 17 16:42:02 CET 1970
Fri Feb 27 22:16:52 CET 1970,Mon Apr 20 13:34:42 CET 1970,21,qLyksnmvcrmirxgcxweEpouwtatqcvprvyV,Sat Apr 18 22:51:44 CET 1970,Mon Mar 30 01:26:20 CET 1970
Fri Jan 02 11:53:59 CET 1970,Mon Mar 09 21:38:08 CET 1970,74,ylvcyjYklkXydneqszkipdyrfSlrzdbyyuv,Fri Jan 09 09:01:48 CET 1970,Fri Apr 24 03:03:40 CET 1970
Sun Apr 26 16:56:23 CET 1970,Sat Mar 28 01:30:57 CET 1970,30,yihcPaljlhyqrqnmImgxjhwlqcTieiwxsMq,Thu Mar 12 17:52:45 CET 1970,Tue Jan 13 00:46:47 CET 1970
Fri Jan 09 01:02:31 CET 1970,Thu Feb 05 18:11:37 CET 1970,46,dcixlysvepgplyqbsvWlewdzmummxydgxpw,Wed Feb 18 09:18:58 CET 1970,Sat Jan 10 11:39:12 CET 1970
Thu Mar 26 14:01:05 CET 1970,Thu Apr 16 09:49:54 CET 1970,16,tmGsIuRkhnkgbjinqxvdMlCyPStrDmylxpu,Tue Mar 24 03:05:54 CET 1970,Mon Mar 16 10:20:30 CET 1970
Wed Mar 18 16:40:27 CET 1970,Sat Feb 21 22:51:50 CET 1970,46,uUgjfznUaqvzozdWplPkchfgqaezJpijrig,Sat Jan 17 22:22:01 CET 1970,Wed Apr 01 19:57:30 CET 1970
Sat Jan 10 13:35:30 CET 1970,Thu Jan 08 13:37:23 CET 1970,95,mBjhyjveVxvjvekvcsfyrmcxquzkldqitxm,Mon Jan 12 10:33:20 CET 1970,Mon Mar 16 12:42:02 CET 1970
Wed Apr 01 13:16:13 CET 1970,Mon Mar 02 19:14:03 CET 1970,31,DxhcqibvypiostelszeuXkeabklskguKvlr,Sat Jan 24 22:50:38 CET 1970,Wed Apr 15 01:12:40 CET 1970
Wed Apr 08 10:57:30 CET 1970,Sat Apr 25 18:03:48 CET 1970,86,tKlosfvpnpjaazgaFlbqkgdlacggxqRffun,Sun Feb 22 16:00:02 CET 1970,Sun Feb 15 11:52:42 CET 1970
Fri Feb 27 16:45:50 CET 1970,Thu Mar 19 14:16:33 CET 1970,20,gznlefzckalwdufmrklknkjzdjzcjolIwfE,Fri Apr 17 15:08:16 CET 1970,Tue Jan 27 09:35:01 CET 1970
Fri Mar 27 13:31:26 CET 1970,Fri Jan 09 02:23:19 CET 1970,31,rwsbojpelwnmbhQnWvaqsxgdhqepFfnjimx,Thu Mar 12 09:07:04 CET 1970,Tue Apr 21 22:11:32 CET 1970
Tue Mar 31 01:32:36 CET 1970,Fri Jan 09 02:01:28 CET 1970,11,QUZjydncxauwnztccisynitaiwhsjXlysoq,Thu Apr 02 04:09:41 CET 1970,Fri Jan 16 16:38:17 CET 1970
Fri Feb 13 11:27:42 CET 1970,Sun Jan 18 02:42:37 CET 1970,57,upjjmmmortnkvnvswgvvvTlWlWevnfpxyvb,Tue Jan 06 06:12:37 CET 1970,Wed Feb 25 02:42:10 CET 1970
Mon Mar 02 20:32:06 CET 1970,Sun Apr 12 08:16:10 CET 1970,16,CiwhbqbBklkwtqhvqzfpwuwYmbtcshOtolU,Thu Mar 26 15:04:30 CET 1970,Wed Mar 11 16:11:48 CET 1970
Thu Feb 26 19:14:22 CET 1970,Fri Feb 27 00:51:02 CET 1970,22,ffyVxxspixtknoyiqlgfyyhixlkapteyrea,Mon Jan 19 13:47:34 CET 1970,Mon Jan 12 08:16:46 CET 1970
Tue Feb 24 09:49:20 CET 1970,Mon Jan 19 23:59:07 CET 1970,51,ljSadknynpfdirprWuebjmkqaiddubkvrnu,Sun Mar 15 17:52:17 CET 1970,Fri Apr 03 16:02:10 CET 1970
Sun Jan 25 01:09:35 CET 1970,Sat Jan 10 03:25:21 CET 1970,79,wnijUtwktvmnkziybpvRzlzmgvcjikivlog,Sat Jan 03 02:25:37 CET 1970,Thu Feb 26 20:30:15 CET 1970
Thu Feb 12 19:54:54 CET 1970,Sat Feb 28 11:20:08 CET 1970,67,bzpsefvhqkpdrcejjcpnzctpdhaPqulibad,Tue Apr 07 21:51:38 CET 1970,Wed Jan 07 08:11:32 CET 1970
Mon Feb 09 22:41:47 CET 1970,Wed Mar 11 00:03:59 CET 1970,51,fMpsrvusqcxCxoMzilPWhphwnqingszumdk,Sat Feb 07 16:23:52 CET 1970,Tue Apr 21 12:27:15 CET 1970
Thu Mar 26 22:41:30 CET 1970,Wed Apr 08 08:39:01 CET 1970,83,qPWryhlfdgTqfwxrjzutanrxxyatqMXhurd,Thu Jan 22 02:27:51 CET 1970,Tue Apr 07 23:06:11 CET 1970
Tue Feb 10 07:12:08 CET 1970,Fri Mar 27 09:16:22 CET 1970,94,ucpoqaircjtyqwyifcfuhppnurEfHjfejjO,Thu Feb 05 08:49:16 CET 1970,Mon Feb 09 20:09:10 CET 1970
Tue Mar 24 09:01:01 CET 1970,Tue Mar 31 02:19:17 CET 1970,27,iErihacyhsuyxwaesxgkgLxfylcybknkqcf,Tue Mar 17 13:57:07 CET 1970,Wed Feb 18 15:15:43 CET 1970
Mon Apr 20 21:05:14 CET 1970,Fri Mar 20 02:36:09 CET 1970,68,odFkcfzmiiYrsmpnsTmpxnyidvlanatkTxq,Wed Feb 18 18:19:33 CET 1970,Mon Apr 06 10:19:23 CET 1970
Fri Jan 09 06:24:53 CET 1970,Mon Apr 20 02:04:36 CET 1970,17,kYnglqkvflIkessqhyjhODwdgzvrffedwwm,Wed Jan 21 12:37:17 CET 1970,Fri Apr 03 15:43:51 CET 1970
Wed Apr 15 13:10:23 CET 1970,Sun Apr 26 08:25:21 CET 1970,71,srsusoKxCfrajpyJptegsinxsVbEdaoqcfb,Sun Feb 15 11:15:27 CET 1970,Wed Mar 18 05:12:03 CET 1970
Tue Mar 31 13:04:05 CET 1970,Thu Feb 26 02:44:59 CET 1970,65,ypjaQwEwpWnzzsyvsaiazrlSBulyqhfaxlV,Sun Jan 11 21:39:23 CET 1970,Fri Apr 24 07:59:47 CET 1970
Sun Feb 08 04:03:22 CET 1970,Thu Apr 09 16:06:30 CET 1970,61,puustduvisjrtftlpoyoxpnhfxexanyuZqx,Fri Mar 20 01:24:18 CET 1970,Sat Apr 11 22:51:04 CET 1970
Sun Mar 22 22:39:28 CET 1970,Wed Jan 14 05:04:03 CET 1970,89,ahqcxjrMiEguvyeeziqTrqxnrbsqEszfcwh,Sun Mar 01 07:45:39 CET 1970,Wed Feb 11 08:11:34 CET 1970
Fri Feb 13 08:36:02 CET 1970,Sat Apr 11 14:01:04 CET 1970,88,fulNbaneozykeeozqacucnPktpStZywspyg,Sun Jan 18 13:05:27 CET 1970,Thu Jan 22 19:41:54 CET 1970
Mon Apr 06 23:40:38 CET 1970,Tue Jan 27 12:47:35 CET 1970,78,pfpdvfkxgttnchjsmzlzwdzqnspmhjusabv,Thu Mar 05 12:22:47 CET 1970,Tue Mar 03 19:45:47 CET 1970
Tue Jan 20 12:05:33 CET 1970,Fri Feb 20 10:09:31 CET 1970,52,fefNucxFliptrrCocrDmvkobDmmgvchljsv,Mon Mar 02 21:27:28 CET 1970,Thu Jan 22 23:43:11 CET 1970
Tue Apr 21 10:38:27 CET 1970,Tue Mar 24 09:33:36 CET 1970,89,wjxmvkabajhSwthjgafJcAsutjOpWtkgGhy,Mon Jan 26 03:51:19 CET 1970,Thu Mar 19 05:42:24 CET 1970
Wed Jan 28 13:45:37 CET 1970,Mon Jan 26 05:39:55 CET 1970,86,liOcdapfqgvzdhFhnxvofmwdavodrfhtldh,Fri Jan 16 23:01:56 CET 1970,Mon Feb 23 12:40:07 CET 1970
Sun Feb 01 23:25:30 CET 1970,Sat Feb 07 11:17:31 CET 1970,52,htthjBhqynRgknjkkzfiwvlhdsmwxzmbnlu,Tue Apr 21 04:19:20 CET 1970,Mon Mar 23 12:26:22 CET 1970
Sat Apr 25 20:40:52 CET 1970,Sat Mar 21 01:11:30 CET 1970,43,cyunVwbsuDPhdPzanxMqlssamzfsozbfohM,Thu Apr 02 19:13:50 CET 1970,Mon Mar 23 17:03:45 CET 1970
Mon Feb 23 05:19:17 CET 1970,Mon Mar 16 10:10:18 CET 1970,59,qaslmwayIaGoPvnfikYhrkpjlzyCtrknSvo,Wed Apr 22 15:28:45 CET 1970,Sun Mar 29 06:51:47 CET 1970
Tue Feb 17 12:04:39 CET 1970,Thu Jan 29 23:16:37 CET 1970,57,hihmqbcancuyewcZdaemJwfQzilkvjuChql,Wed Jan 21 18:47:47 CET 1970,Mon Apr 20 05:01:44 CET 1970
Thu Jan 08 17:31:10 CET 1970,Thu Jan 08 13:12:32 CET 1970,59,xvdzvaWzyLxPEllSuiakHnpokasybzgtdjk,Thu Jan 22 03:54:36 CET 1970,Fri Mar 13 12:56:31 CET 1970
Thu Apr 23 17:42:00 CET 1970,Thu Feb 05 16:20:27 CET 1970,36,maKYrynvtaydmrvjdofoByafqvqVwyqdseq,Sun Feb 08 03:35:36 CET 1970,Mon Mar 09 17:41:25 CET 1970
Sun Mar 01 17:40:29 CET 1970,Tue Mar 03 01:33:47 CET 1970,85,lejukfwhsqocacvvaIvktyycbmkkkwfwbfw,Sun Mar 01 19:52:45 CET 1970,Thu Jan 15 21:37:19 CET 1970
Fri Mar 20 08:03:18 CET 1970,Wed Apr 01 19:51:47 CET 1970,17,ebwvfunpmnfiveuSxndorqanjdzlEjbdbvk,Mon Feb 16 04:24:44 CET 1970,Thu Feb 26 01:51:38 CET 1970
Wed Feb 11 11:58:01 CET 1970,Fri Jan 30 14:24:24 CET 1970,15,iktSuascotkYevhvqbkcxGNpjnallbdcdYu,Fri Apr 10 16:47:06 CET 1970,Thu Mar 26 09:49:17 CET 1970
Fri Jan 09 03:38:27 CET 1970,Mon Feb 09 18:10:52 CET 1970,41,yExplqjqfdRavplxhggcxehdxrEUqqawyik,Fri Apr 10 05:34:10 CET 1970,Thu Jan 29 17:31:57 CET 1970
Thu Jan 08 19:26:27 CET 1970,Fri Jan 16 11:57:58 CET 1970,46,vrQmquicvdHreWeiaotztlxiyvhtjjwtoam,Fri Apr 17 07:31:01 CET 1970,Thu Apr 16 01:05:46 CET 1970
Fri Apr 03 22:30:57 CET 1970,Tue Feb 17 01:37:07 CET 1970,20,afgfdfltuafvyCpacdcumssxjsyuUtsqzur,Sat Jan 24 15:46:29 CET 1970,Mon Mar 16 12:35:31 CET 1970
Tue Jan 20 08:37:45 CET 1970,Sat Feb 28 14:33:45 CET 1970,59,ttjnrutuffgbnowsexvjffenirhnqpsznav,Mon Mar 16 13:53:16 CET 1970,Sat Jan 31 07:54:07 CET 1970
Tue Feb 24 05:56:59 CET 1970,Thu Apr 16 17:41:59 CET 1970,16,QhliyksycjGozkdcpcsekDwbBFrnbWzleaw,Tue Jan 13 03:06:48 CET 1970,Sun Feb 08 03:40:58 CET 1970
Sat Jan 17 07:29:56 CET 1970,Sat Jan 24 21:38:37 CET 1970,98,qxeajgoreEkirroqnfjvkzvgnprlgCccsoa,Sun Jan 04 06:47:51 CET 1970,Sun Mar 15 21:10:02 CET 1970
Tue Feb 24 06:40:08 CET 1970,Sat Apr 04 21:11:39 CET 1970,17,xoHwqsQAdsumevevugreiktryxjEAwiQeia,Mon Mar 09 10:59:49 CET 1970,Thu Feb 12 14:13:53 CET 1970
Sun Mar 15 07:22:55 CET 1970,Wed Mar 11 00:02:21 CET 1970,12,dslZjoiqmXgHphfaocpegmrwvrxdbSjoenl,Wed Feb 11 12:44:11 CET 1970,Mon Mar 23 09:26:30 CET 1970
Sun Apr 19 14:16:48 CET 1970,Tue Apr 07 15:04:30 CET 1970,88,vjpzjxhccswmkqGwwjCjbpisdcxhmheytft,Sat Feb 07 20:53:49 CET 1970,Thu Jan 22 13:56:06 CET 1970
Sat Mar 28 16:45:40 CET 1970,Wed Mar 04 01:14:09 CET 1970,95,kplfjarvgsfUchPcptmhzicsrnBljXBpAyb,Thu Jan 22 21:36:43 CET 1970,Thu Feb 26 15:41:42 CET 1970
Thu Apr 16 14:24:23 CET 1970,Thu Jan 29 06:51:58 CET 1970,38,EtjjzeSeuvrjsnanEujTeichlkSgllwwdsx,Sun Jan 11 02:26:42 CET 1970,Wed Mar 18 12:25:09 CET 1970
Wed Mar 11 18:53:07 CET 1970,Sun Feb 01 06:18:01 CET 1970,15,dimqxbraahhxxgrHnnukKorvqgapjmphxep,Thu Apr 02 17:00:32 CET 1970,Tue Apr 21 18:17:59 CET 1970
Fri Apr 17 00:40:13 CET 1970,Wed Mar 04 17:23:59 CET 1970,67,fUpfoztseevlabrkgjmuwmymxeUxRpvuzSb,Wed Jan 14 23:12:01 CET 1970,Wed Mar 04 07:45:09 CET 1970
Fri Apr 03 20:54:51 CET 1970,Fri Apr 03 04:26:43 CET 1970,95,ksudznwfopKYcjfjweqimjvuaWzuTcppynh,Sun Apr 12 15:16:29 CET 1970,Sun Feb 01 10:16:48 CET 1970
Tue Feb 03 23:30:17 CET 1970,Mon Feb 23 01:01:35 CET 1970,55,pabUbernqawzwIoqwExwgstjYboaodtqsmx,Sat Apr 25 00:36:03 CET 1970,Sat Jan 24 05:06:00 CET 1970
Mon Apr 20 03:55:05 CET 1970,Sat Feb 28 00:37:25 CET 1970,64,GyqdygDNGzwnRyyvfloigOwnmrhpgruZhtb,Fri Feb 27 06:33:31 CET 1970,Thu Mar 19 12:14:14 CET 1970
Fri Mar 27 19:23:55 CET 1970,Tue Feb 03 04:59:12 CET 1970,37,ouceEhwpsNlcqlofpmvqjdfaYkuktlairsc,Mon Mar 23 20:35:54 CET 1970,Thu Mar 26 07:18:49 CET 1970
Thu Apr 09 03:48:36 CET 1970,Sun Jan 18 01:07:44 CET 1970,36,xwdwLqfqkimbbrhqtluiPmahyedzotwYdva,Tue Mar 17 08:54:59 CET 1970,Tue Feb 10 02:14:49 CET 1970
Tue Mar 31 17:39:09 CET 1970,Fri Jan 23 01:14:29 CET 1970,19,gwcgquhBeqakyleyPqQlmvolwammlhzerid,Sat Apr 25 01:16:41 CET 1970,Sat Mar 07 04:53:14 CET 1970
Sat Feb 21 06:17:25 CET 1970,Tue Mar 31 03:15:25 CET 1970,34,ybHneSXrvdbBzfgbhjoeehkuzljqsvFkJei,Wed Mar 25 07:24:46 CET 1970,Mon Feb 09 12:40:45 CET 1970
Wed Jan 07 08:08:47 CET 1970,Mon Mar 09 19:16:12 CET 1970,83,gpekqmQwbirvRpdozuxksdvthsturdPpuzl,Sun Feb 01 07:08:33 CET 1970,Mon Apr 06 12:06:17 CET 1970
Sat Jan 31 16:09:55 CET 1970,Fri Apr 10 09:20:49 CET 1970,53,sregzgSsinucbzvjytoZXgwhQzDmvstskxw,Sun Feb 08 11:23:34 CET 1970,Mon Jan 19 21:32:51 CET 1970
Sat Feb 14 14:55:41 CET 1970,Tue Apr 07 00:32:53 CET 1970,29,lzgmznukaysoeFkvustejdmrQugegndcMaw,Wed Mar 25 20:35:15 CET 1970,Thu Mar 26 12:31:26 CET 1970
Thu Mar 05 13:15:22 CET 1970,Tue Feb 24 21:11:38 CET 1970,89,hNfajbowpUbeZovogoryntlanhqrmBjsllt,Sun Feb 01 17:45:14 CET 1970,Fri Apr 03 23:35:41 CET 1970
Mon Mar 09 19:34:18 CET 1970,Fri Jan 30 18:10:53 CET 1970,64,fexduuwwihbavlboeihxcvydjxsYkUccjbz,Fri Jan 02 21:34:40 CET 1970,Thu Mar 12 02:14:22 CET 1970
Thu Mar 05 01:22:13 CET 1970,Thu Mar 19 17:52:21 CET 1970,64,mhsunvxszvpbkbKjlacyoecswcvikwrnrzw,Tue Apr 07 06:27:45 CET 1970,Wed Feb 18 20:06:16 CET 1970
Thu Apr 09 08:42:38 CET 1970,Sat Feb 21 09:14:59 CET 1970,87,zxZnlafrkBfejaDtukkYdoflgcxqjzcpjgj,Fri Apr 10 04:59:26 CET 1970,Wed Mar 11 18:58:59 CET 1970
Sun Jan 11 05:20:55 CET 1970,Sun Apr 19 06:16:52 CET 1970,79,egKqznvJipwajwzvwncIsvheghsrbWxtbkf,Sat Mar 14 02:07:24 CET 1970,Sun Jan 04 05:12:45 CET 1970
Mon Mar 16 01:47:43 CET 1970,Tue Mar 10 19:17:45 CET 1970,17,JvaugtDtcywhekgvnkqgostDVgxqgvipkro,Wed Mar 04 19:41:33 CET 1970,Mon Apr 20 00:51:04 CET 1970
Fri Jan 23 04:58:28 CET 1970,Fri Apr 24 05:33:05 CET 1970,29,EpbecobmbwkqwxvtaYeuvflewSyjapgjibv,Thu Feb 26 13:54:59 CET 1970,Sat Apr 25 13:27:59 CET 1970
Thu Apr 23 20:11:16 CET 1970,Sat Jan 31 13:11:21 CET 1970,93,luIjQqedEznorydzgmnowwmzmRjRmtkfqob,Thu Jan 15 20:58:35 CET 1970,Tue Feb 24 12:01:56 CET 1970
Tue Mar 17 19:16:30 CET 1970,Sat Jan 10 17:34:17 CET 1970,15,vcclFdepvynkusyrzZomeqUckoJhwchvumk,Fri Apr 03 08:44:52 CET 1970,Sun Jan 25 11:55:29 CET 1970
Sat Mar 28 00:10:49 CET 1970,Sat Jan 24 11:02:58 CET 1970,26,uvtmrcdccgiiubjpWojpvufvpDeugsjxpnk,Thu Apr 16 06:13:17 CET 1970,Thu Mar 19 16:30:51 CET 1970
Wed Apr 15 07:38:46 CET 1970,Sat Mar 21 07:13:02 CET 1970,93,dtghSobkenchdfmejfatdruweuohMBGJsik,Mon Feb 23 23:35:26 CET 1970,Wed Apr 08 13:32:40 CET 1970
Mon Jan 26 17:47:12 CET 1970,Sat Jan 17 14:19:04 CET 1970,97,fnvbHtjmauuCeJokupeouwvotwzmGmyftuh,Fri Jan 02 21:33:38 CET 1970,Mon Feb 02 07:34:55 CET 1970
Fri Mar 27 01:05:52 CET 1970,Wed Feb 04 22:39:05 CET 1970,73,cbysdivkjwvUavljffirycnhyPydhswxmmp,Sat Apr 25 05:31:00 CET 1970,Sun Feb 01 07:07:51 CET 1970
Tue Apr 07 21:10:22 CET 1970,Thu Mar 26 23:02:27 CET 1970,29,axdpmgliitrumPlxplJhpwglhbqbnbZLurn,Sat Jan 31 19:24:55 CET 1970,Tue Jan 20 21:12:23 CET 1970
Tue Mar 24 16:30:44 CET 1970,Sun Mar 15 19:10:26 CET 1970,17,diusofcpeuawnesranigvsqLbaPvlrRtHke,Mon Mar 23 08:06:11 CET 1970,Sat Mar 21 10:51:32 CET 1970
Tue Apr 14 15:46:16 CET 1970,Thu Mar 12 06:02:52 CET 1970,77,CioydbYfwmfheomCqynejttzEtoscadqvuh,Wed Jan 28 04:25:24 CET 1970,Wed Apr 01 14:30:15 CET 1970
Sat Feb 07 11:34:52 CET 1970,Sun Mar 01 17:35:30 CET 1970,89,pcpvhlsylpgdhccvHhKvqewqmqiddphvkin,Wed Jan 21 15:19:17 CET 1970,Sun Jan 25 00:04:17 CET 1970
Wed Feb 18 15:07:54 CET 1970,Sat Apr 04 17:58:04 CET 1970,55,lwcRvfdlqoyjGdolnxdScwrxmgpyljntxpu,Wed Mar 04 01:54:42 CET 1970,Tue Jan 27 19:15:38 CET 1970
Fri Jan 30 07:59:32 CET 1970,Wed Feb 04 01:52:57 CET 1970,13,EceugejifogptpiMoxBogkufaoqktNubisn,Tue Feb 03 19:23:39 CET 1970,Fri Jan 23 15:38:08 CET 1970
Thu Apr 16 18:51:19 CET 1970,Wed Jan 07 13:19:43 CET 1970,70,itcirrhxheobtnpjyzvofxhjrxqmugGxcuu,Thu Jan 15 17:37:42 CET 1970,Wed Jan 21 21:02:10 CET 1970
Fri Mar 13 03:33:53 CET 1970,Tue Apr 07 01:01:26 CET 1970,61,ficlfrKlbyohvanYohxvtwxhzmopzumORaq,Sat Mar 28 16:35:46 CET 1970,Tue Apr 07 15:19:39 CET 1970
Thu Jan 22 10:00:07 CET 1970,Mon Jan 05 09:37:37 CET 1970,12,aBtxjXlrnbgjjjniasAhulsWXXbQfAggykx,Fri Apr 17 13:23:40 CET 1970,Sun Feb 22 17:07:03 CET 1970
Sat Apr 04 18:05:14 CET 1970,Wed Jan 21 08:54:22 CET 1970,37,SdjhhjfzkxirQnxjhggpngetxtbdrwwcYma,Tue Apr 14 12:09:11 CET 1970,Wed Apr 01 06:37:10 CET 1970
Sat Apr 25 14:42:13 CET 1970,Mon Apr 13 12:57:54 CET 1970,66,alfBwbicOfyLvxujdxghghkdhhkfddszant,Sat Apr 18 20:53:19 CET 1970,Mon Feb 16 22:08:32 CET 1970
Wed Mar 11 15:14:07 CET 1970,Tue Jan 20 20:58:07 CET 1970,42,tnfztUwhadstgisTjiMldxhsvrkuqzPpygp,Fri Mar 13 02:42:31 CET 1970,Thu Mar 26 07:24:24 CET 1970
Sat Jan 10 20:33:53 CET 1970,Sat Mar 07 10:03:11 CET 1970,92,ytdkemuvHhhnlaleauiPudqGISuVxejcpco,Fri Jan 02 14:26:25 CET 1970,Thu Feb 26 17:47:33 CET 1970
Fri Apr 17 13:44:26 CET 1970,Fri Apr 10 18:48:59 CET 1970,58,rdonslrwpbhzeltlewnaiqzvntuczXeijsz,Wed Jan 28 16:06:38 CET 1970,Fri Mar 13 14:40:20 CET 1970
Tue Mar 24 22:11:11 CET 1970,Wed Mar 25 04:17:08 CET 1970,31,cjxQlqciXZMgvswygqjkbtsijLmnygiLyhx,Sun Jan 11 03:52:10 CET 1970,Tue Mar 31 18:49:47 CET 1970
Mon Apr 20 18:08:45 CET 1970,Thu Jan 15 19:42:22 CET 1970,72,dkduqewmeaCyauCafhouhqwzqytvjcnvjau,Sat Jan 03 06:38:45 CET 1970,Thu Apr 16 03:52:24 CET 1970
Mon Mar 30 14:07:43 CET 1970,Sat Apr 11 20:42:03 CET 1970,35,uaNoqqpepdqfsZlkybdldacavLOvhsgexkj,Mon Jan 05 20:56:57 CET 1970,Thu Mar 12 01:57:39 CET 1970
Tue Mar 24 21:21:52 CET 1970,Sat Feb 07 17:23:35 CET 1970,83,vSfwJdiuqxaybucmvoRYdQvcsrGbxpkuitZ,Fri Mar 27 19:59:04 CET 1970,Sat Jan 24 21:34:56 CET 1970
Tue Jan 20 06:53:10 CET 1970,Mon Feb 09 08:02:56 CET 1970,30,ahlsgvijmqbwiSiuqsgyrydghinyplltzch,Sun Mar 15 03:32:52 CET 1970,Wed Apr 08 16:22:09 CET 1970
Fri Jan 02 14:54:33 CET 1970,Wed Mar 18 02:34:48 CET 1970,91,tuimgAbvxdmutznllntqkaklioinRhpgleb,Wed Jan 07 03:45:31 CET 1970,Mon Mar 16 18:48:17 CET 1970
Thu Mar 12 22:36:23 CET 1970,Sat Mar 14 14:15:29 CET 1970,27,nuwOmbmbubtryUrekZwwpnjaryjhnbrUbFw,Fri Apr 03 15:59:27 CET 1970,Tue Mar 24 00:44:30 CET 1970
Wed Apr 15 17:26:06 CET 1970,Wed Mar 04 02:11:04 CET 1970,83,nfxnvivEaacffpbgvncjpfoelrYNMlvJgbc,Thu Apr 16 00:22:14 CET 1970,Thu Apr 23 14:16:53 CET 1970
Fri Mar 27 09:50:16 CET 1970,Thu Feb 12 02:59:51 CET 1970,38,tqulwpuvbapGxvCxzsUwwhJJunjzlxnlubl,Thu Jan 15 22:37:15 CET 1970,Sun Feb 15 03:07:26 CET 1970
Wed Mar 11 11:46:40 CET 1970,Thu Mar 12 23:02:13 CET 1970,77,mzllaUWomnavehtgypovxrwrzikQnhfisgb,Mon Jan 19 20:21:50 CET 1970,Thu Apr 09 17:47:38 CET 1970
Wed Jan 21 12:52:29 CET 1970,Sun Feb 08 08:57:40 CET 1970,87,cbgsuoboqzecXCfwKgmNjklTasSljfhfcpb,Sun Apr 26 11:13:00 CET 1970,Sun Mar 08 08:08:40 CET 1970
Sat Mar 14 20:39:19 CET 1970,Thu Jan 29 04:14:01 CET 1970,37,itrcpepeihalszZEqrcvEphcissnazobfqy,Mon Mar 30 07:03:49 CET 1970,Fri Apr 24 10:33:32 CET 1970
Sun Feb 08 16:09:34 CET 1970,Mon Jan 12 15:06:57 CET 1970,92,ayMCjjaelcipbyfwUYfzkzbbulkdekaxdRz,Sun Feb 15 22:51:40 CET 1970,Fri Jan 30 17:40:25 CET 1970
Sun Apr 19 18:31:46 CET 1970,Sun Feb 01 00:40:26 CET 1970,43,rpacyawvxVivrymsqxwruncutjbjkprpqoi,Sun Mar 08 11:28:11 CET 1970,Wed Apr 08 21:05:30 CET 1970
Fri Jan 16 19:26:47 CET 1970,Wed Apr 01 10:47:01 CET 1970,72,oaqEzuxtobskkjZIfDhvzkaJCyjkzSdnNRr,Tue Feb 03 23:14:16 CET 1970,Sat Apr 11 01:54:50 CET 1970
Fri Apr 24 12:36:22 CET 1970,Mon Jan 26 06:48:31 CET 1970,44,ydfzleJwtmulshgrchgTmbwesqcykyMnXtk,Thu Jan 15 06:05:36 CET 1970,Fri Feb 20 10:37:45 CET 1970
Sat Jan 31 09:07:57 CET 1970,Tue Jan 06 07:23:03 CET 1970,47,xpXscbqMrvyfpovtpvnpmAfvbljxiruzbvr,Sat Apr 11 12:09:54 CET 1970,Tue Jan 20 23:57:16 CET 1970
Wed Jan 07 19:48:45 CET 1970,Mon Mar 16 21:29:54 CET 1970,38,bwnKzlcsriszttqvoyngcvhdpoOzoaSgbYy,Sun Apr 05 11:04:59 CET 1970,Wed Apr 15 07:32:40 CET 1970
Sun Apr 05 16:09:08 CET 1970,Sat Mar 07 02:45:45 CET 1970,88,yflBwyjauImdzuvHppfpiipwDlftpwoidch,Sat Apr 25 19:01:25 CET 1970,Sun Mar 15 15:41:16 CET 1970
Wed Apr 08 05:57:29 CET 1970,Thu Mar 19 10:20:39 CET 1970,44,mcsbhskzuyzxmUvxskyrmiXkwwwOcsqLlfz,Wed Feb 04 08:12:51 CET 1970,Wed Mar 11 12:53:22 CET 1970
Fri Jan 23 05:23:22 CET 1970,Sat Apr 11 07:52:39 CET 1970,97,sBdxvmptkbiioaZqgcrnvhymnbmmukgmiuo,Sun Feb 22 22:50:24 CET 1970,Sun Feb 08 06:06:26 CET 1970
